City_ID,City,Country,Lat,Lng,Max Temp,Humidity,Cloudiness,Wind Speed,Description
0,Bima,ID,-8.4667,118.7167,76.57,90,96,4.9,overcast clouds
1,Takoradi,GH,4.8845,-1.7554,80.74,77,57,9.78,broken clouds
2,Nouadhibou,MR,20.931,-17.0347,84.18,58,1,14.97,sand
3,Codrington,AU,-38.2667,141.9667,45.86,80,20,10.13,few clouds
4,Busselton,AU,-33.65,115.3333,44.1,72,88,11.25,overcast clouds
5,Tasiilaq,GL,65.6145,-37.6368,39.36,70,36,5.06,scattered clouds
6,Valdivia,CL,-39.8142,-73.2459,44.69,60,26,2.44,scattered clouds
7,Bluff,NZ,-46.6,168.3333,35.8,74,69,12.17,broken clouds
8,Laguna,US,38.421,-121.4238,62.42,89,1,3.0,mist
9,Atuona,PF,-9.8,-139.0333,77.14,71,6,18.92,clear sky
10,Sawakin,SD,19.1059,37.3321,89.67,52,0,5.97,clear sky
11,Siguiri,GN,11.6667,-9.5,82.49,72,94,2.1,light rain
12,Butaritari,KI,3.0707,172.7902,81.86,75,41,13.96,light rain
13,Yanam,IN,16.7333,82.2167,84.6,84,26,1.68,scattered clouds
14,Verkhniye Kigi,RU,55.4083,58.6044,39.87,89,82,11.74,broken clouds
15,Rikitea,PF,-23.1203,-134.9692,72.77,77,5,10.96,light rain
16,Maniitsoq,GL,65.4167,-52.9,36.75,43,100,2.04,overcast clouds
17,Faanui,PF,-16.4833,-151.75,78.3,75,15,22.95,light rain
18,Hilo,US,19.7297,-155.09,73.8,91,75,4.61,broken clouds
19,Hithadhoo,MV,-0.6,73.0833,83.91,70,100,10.63,overcast clouds
20,Ushuaia,AR,-54.8,-68.3,35.26,60,75,6.91,broken clouds
21,Thompson,CA,55.7435,-97.8558,46.56,71,1,11.5,clear sky
22,Barrow,US,71.2906,-156.7887,33.82,86,90,12.66,overcast clouds
23,Pevek,RU,69.7008,170.3133,31.51,96,100,14.67,light snow
24,Vardo,NO,70.3705,31.1107,43.0,70,75,4.61,broken clouds
25,Punta Arenas,CL,-53.15,-70.9167,35.62,93,90,13.8,light rain
26,Bethel,US,41.3712,-73.414,72.18,85,75,10.36,broken clouds
27,Constitucion,CL,-35.3333,-72.4167,59.31,59,0,10.04,clear sky
28,Novonukutskiy,RU,53.7002,102.7117,45.25,93,82,2.64,broken clouds
29,Carora,VE,10.1755,-70.0827,92.89,33,30,8.95,scattered clouds
30,Carnarvon,AU,-24.8667,113.6333,64.47,59,0,17.27,clear sky
31,Pisco,PE,-13.7,-76.2167,63.01,77,75,4.61,mist
32,Yulara,AU,-25.2406,130.9889,78.64,34,50,1.14,scattered clouds
33,Mackay,AU,-21.15,149.2,64.04,88,1,3.44,clear sky
34,Acapulco,MX,16.8634,-99.8901,80.42,83,75,3.44,broken clouds
35,Tiarei,PF,-17.5333,-149.3333,73.42,73,14,22.1,few clouds
36,Mingyue,CN,43.1069,128.9217,56.98,99,100,2.15,overcast clouds
37,Nioro,GM,13.35,-15.75,83.1,74,100,6.22,overcast clouds
38,Mana,GF,5.6592,-53.7767,87.55,61,1,7.85,clear sky
39,Camapua,BR,-19.5314,-54.0439,97.48,29,1,5.28,clear sky
40,Nikolskoye,RU,59.7035,30.7861,48.02,60,97,5.01,overcast clouds
41,Bambous Virieux,MU,-20.3428,57.7575,73.65,83,75,8.05,light rain
42,Tsarychanka,UA,48.937,34.4786,68.9,30,2,5.95,clear sky
43,Mataura,NZ,-46.1927,168.8643,35.47,98,9,2.82,clear sky
44,Ukiah,US,39.1502,-123.2078,59.63,88,90,0.0,overcast clouds
45,Kapaa,US,22.0752,-159.319,77.32,81,40,11.5,light rain
46,Port Lincoln,AU,-34.7333,135.8667,63.5,61,12,14.61,few clouds
47,Souillac,MU,-20.5167,57.5167,73.78,83,75,8.05,broken clouds
48,Hobart,AU,-42.8794,147.3294,45.27,90,75,0.0,broken clouds
49,Bathsheba,BB,13.2167,-59.5167,88.41,70,40,21.85,scattered clouds
50,Halifax,CA,44.6453,-63.5724,72.09,87,75,1.01,broken clouds
51,Pyu,MM,18.4833,96.4333,75.87,97,100,4.61,heavy intensity rain
52,Amalapuram,IN,16.5833,82.0167,84.58,86,32,0.87,scattered clouds
53,Pasni,PK,25.2631,63.471,82.42,80,3,11.21,clear sky
54,Qaanaaq,GL,77.484,-69.3632,21.13,75,100,7.76,overcast clouds
55,Necochea,AR,-38.5473,-58.7368,63.03,51,0,9.73,clear sky
56,Sur,OM,22.5667,59.5289,88.61,49,84,4.56,broken clouds
57,Hamilton,US,39.1834,-84.5333,72.77,90,90,1.99,overcast clouds
58,Tamandare,BR,-8.7597,-35.1047,82.45,64,22,11.52,few clouds
59,Haifa,IL,32.8156,34.9892,81.21,62,19,8.84,few clouds
60,Musoma,TZ,-1.5,33.8,75.78,61,86,1.36,overcast clouds
61,Castro,BR,-24.7911,-50.0119,58.33,94,100,7.85,overcast clouds
62,Cape Town,ZA,-33.9258,18.4232,61.21,70,20,8.01,few clouds
63,Bengkulu,ID,-3.8004,102.2655,78.17,88,46,7.65,scattered clouds
64,Cidreira,BR,-30.1811,-50.2056,61.81,53,2,6.85,clear sky
65,Albany,US,42.6001,-73.9662,68.72,78,58,4.79,broken clouds
66,Mount Gambier,AU,-37.8333,140.7667,49.91,76,71,10.36,broken clouds
67,Norman Wells,CA,65.282,-126.8329,41.04,81,20,5.75,few clouds
68,Darnah,LY,32.767,22.6367,78.75,68,0,19.13,clear sky
69,Airai,TL,-8.9266,125.4092,59.45,82,67,3.11,broken clouds
70,Grindavik,IS,63.8424,-22.4338,51.75,81,75,9.22,broken clouds
71,Davila,PH,18.4726,120.5763,82.63,79,54,9.22,broken clouds
72,Vaini,TO,-21.2,-175.2,73.56,100,20,5.75,few clouds
73,Ossora,RU,59.2353,163.0719,45.32,72,21,4.88,few clouds
74,Canton,CN,23.1167,113.25,79.95,69,86,3.85,overcast clouds
75,Nelson Bay,AU,-32.7167,152.15,52.95,96,10,3.0,clear sky
76,Upernavik,GL,72.7868,-56.1549,27.45,65,61,6.17,broken clouds
77,Sitka,US,57.0531,-135.33,49.89,76,90,14.97,light rain
78,Esperance,AU,-33.8667,121.9,49.84,80,77,26.22,light rain
79,Lebu,CL,-37.6167,-73.65,53.44,68,2,9.91,clear sky
80,Fortuna,US,40.5982,-124.1573,43.72,100,1,0.0,clear sky
81,Vila Franca Do Campo,PT,37.7167,-25.4333,73.81,64,67,4.63,broken clouds
82,New Norfolk,AU,-42.7826,147.0587,44.91,72,98,1.3,overcast clouds
83,Sernovodskoye,RU,43.3158,45.1637,77.56,40,65,6.24,broken clouds
84,Talnakh,RU,69.4865,88.3972,38.53,89,96,5.44,overcast clouds
85,Bredasdorp,ZA,-34.5322,20.0403,61.92,45,94,9.22,overcast clouds
86,Okhotsk,RU,59.3833,143.3,49.37,90,94,10.51,overcast clouds
87,Hearst,CA,49.6835,-83.6665,61.05,62,52,13.18,broken clouds
88,Port Alfred,ZA,-33.5906,26.891,60.67,70,65,18.39,light rain
89,Nouakchott,MR,18.0858,-15.9785,89.53,78,86,12.21,overcast clouds
90,Georgetown,MY,5.4112,100.3354,84.13,81,20,4.61,few clouds
91,Victoria,HK,22.2855,114.1577,85.32,73,81,3.18,light rain
92,Troitsko-Pechorsk,RU,62.7084,56.1964,42.82,78,100,10.85,overcast clouds
93,Ulaangom,MN,49.9811,92.0667,54.21,41,99,1.16,overcast clouds
94,Puerto Ayora,EC,-0.7393,-90.3518,69.76,90,97,5.01,overcast clouds
95,Los Llanos De Aridane,ES,28.6585,-17.9182,76.75,85,20,12.66,few clouds
96,Gelemso,ET,8.8167,40.5167,68.92,63,95,4.45,overcast clouds
97,Ribeira Grande,PT,38.5167,-28.7,75.6,78,20,9.22,few clouds
98,General Cepeda,MX,25.3833,-101.45,63.81,64,93,3.91,overcast clouds
99,Karratha,AU,-20.7377,116.8463,72.59,64,16,13.04,few clouds
100,Lompoc,US,34.6391,-120.4579,58.08,90,90,0.0,mist
101,Yellowknife,CA,62.456,-114.3525,36.12,100,40,8.05,scattered clouds
102,Kuching,MY,1.55,110.3333,80.82,83,20,3.44,few clouds
103,Kodiak,US,57.79,-152.4072,50.5,99,100,4.52,moderate rain
104,Cockburn Town,TC,21.4612,-71.1419,84.16,74,40,11.5,scattered clouds
105,Half Moon Bay,US,37.4636,-122.4286,59.11,86,90,10.36,mist
106,Bandarbeyla,SO,9.4942,50.8122,77.85,85,98,32.37,overcast clouds
107,Hermanus,ZA,-34.4187,19.2345,61.81,61,100,8.41,overcast clouds
108,Beyneu,KZ,45.3167,55.2,81.18,26,0,2.66,clear sky
109,San Francisco Menendez,SV,13.8431,-90.0158,82.47,69,70,2.19,broken clouds
110,Arraial Do Cabo,BR,-22.9661,-42.0278,75.16,83,90,10.36,overcast clouds
111,Lagoa,PT,39.05,-27.9833,71.76,77,14,9.46,few clouds
112,Thinadhoo,MV,0.5333,72.9333,83.35,73,93,12.15,overcast clouds
113,Asyut,EG,27.181,31.1837,90.25,21,0,20.0,clear sky
114,Torbay,CA,47.6666,-52.7314,66.76,73,90,25.32,overcast clouds
115,Jamestown,US,42.097,-79.2353,69.03,90,1,5.01,clear sky
116,Komarov,CZ,49.8065,13.8564,68.67,85,100,5.44,overcast clouds
117,Boda,CF,4.3189,17.4695,78.57,74,97,4.83,overcast clouds
118,Maceio,BR,-9.6658,-35.7353,87.24,62,75,12.66,broken clouds
119,Sarakhs,IR,36.5449,61.1577,96.94,11,0,6.91,clear sky
120,Punta Alta,AR,-38.8759,-62.0736,65.23,35,0,13.91,clear sky
121,Mar Del Plata,AR,-38.0023,-57.5575,66.22,45,0,9.22,clear sky
122,Labuhan,ID,-6.8844,112.2051,80.44,79,100,5.1,overcast clouds
123,Nishihara,JP,26.1842,127.7558,81.68,89,20,9.22,few clouds
124,Severo-Kurilsk,RU,50.6789,156.125,48.52,82,1,8.41,clear sky
125,Ancud,CL,-41.8697,-73.8203,51.42,94,100,14.76,light rain
126,Nhlangano,SZ,-27.1167,31.2,55.35,95,99,3.13,heavy intensity rain
127,Clyde River,CA,70.4692,-68.5914,32.23,69,90,12.66,overcast clouds
128,Zambezi,ZM,-13.5432,23.1047,99.39,11,12,6.02,few clouds
129,Bereda,ES,43.2686,-7.5406,73.42,41,3,4.12,clear sky
130,Tari,NG,12.4086,4.4914,91.02,53,91,8.21,overcast clouds
131,Vanimo,PG,-2.6741,141.3028,75.27,94,100,7.49,moderate rain
132,Dossor,KZ,47.5272,52.9811,69.53,20,90,10.31,overcast clouds
133,Luoyang,CN,34.6836,112.4536,70.75,84,100,7.38,light rain
134,Angoche,MZ,-16.2325,39.9086,77.95,79,5,16.08,clear sky
135,Mwene-Ditu,CD,-7.0,23.45,86.25,40,100,6.96,overcast clouds
136,Amahai,ID,-3.3333,128.9167,77.14,89,98,4.43,overcast clouds
137,Tabou,CI,4.423,-7.3528,80.22,80,92,11.7,light rain
138,Pitimbu,BR,-7.4706,-34.8086,84.79,68,8,15.79,clear sky
139,Mecca,SA,21.4267,39.8261,92.35,23,92,17.11,overcast clouds
140,Avarua,CK,-21.2078,-159.775,75.25,83,40,19.57,scattered clouds
141,Saposoa,PE,-6.934,-76.7716,79.41,59,70,2.44,broken clouds
142,Miyakonojo,JP,31.7333,131.0667,73.24,99,76,3.74,broken clouds
143,East London,ZA,-33.0153,27.9116,61.74,77,40,14.97,light rain
144,Takhli,TH,15.2634,100.3438,77.99,90,100,5.95,overcast clouds
145,Korem,ET,12.5058,39.5228,64.02,56,85,6.46,overcast clouds
146,Tiksi,RU,71.6872,128.8694,42.4,72,100,4.0,overcast clouds
147,Ponta Do Sol,PT,32.6667,-17.1,79.43,73,31,3.44,scattered clouds
148,Milledgeville,US,33.0801,-83.2321,73.29,98,100,6.6,overcast clouds
149,Kitami,JP,43.8031,143.8908,52.39,83,100,7.31,overcast clouds
150,Kabompo,ZM,-13.5927,24.2008,97.84,12,11,4.18,few clouds
151,Ibra,OM,22.6906,58.5334,88.41,31,93,8.68,overcast clouds
152,Shimoda,JP,34.6667,138.95,72.01,85,95,11.03,overcast clouds
153,Bartica,GY,6.4,-58.6167,89.92,47,1,3.58,clear sky
154,Komarno,SK,47.7636,18.1226,84.09,35,99,8.43,overcast clouds
155,El Dorado,US,38.7666,-120.5177,70.68,37,0,3.0,clear sky
156,Amapa,BR,1.0,-52.0,93.04,41,3,4.34,clear sky
157,Sao Filipe,CV,14.8961,-24.4956,81.09,77,87,8.05,overcast clouds
158,Conceicao Das Alagoas,BR,-19.9147,-48.3883,92.98,15,8,4.59,clear sky
159,Tessalit,ML,20.1986,1.0114,105.49,11,23,3.33,few clouds
160,Chokurdakh,RU,70.6333,147.9167,35.04,89,87,8.03,overcast clouds
161,Leningradskiy,RU,69.3833,178.4167,23.11,91,78,7.45,broken clouds
162,Alice Springs,AU,-23.7,133.8833,83.75,17,36,14.97,light rain
163,Hualmay,PE,-11.0964,-77.6139,64.47,73,42,8.05,scattered clouds
164,Richards Bay,ZA,-28.783,32.0377,64.74,87,100,5.86,light rain
165,Jinka,ET,5.65,36.65,74.59,56,82,1.68,broken clouds
166,Astana,KZ,51.1801,71.446,71.55,26,20,13.42,few clouds
167,Dikson,RU,73.5069,80.5464,36.43,85,100,21.74,overcast clouds
168,Plouzane,FR,48.3833,-4.6167,69.89,64,75,4.61,broken clouds
169,Svetlaya,RU,46.5389,138.3297,56.91,88,100,12.57,light rain
170,Kampong Thum,KH,12.7111,104.8887,77.88,88,100,4.68,overcast clouds
171,Ucluelet,CA,48.9329,-125.5528,42.1,75,5,5.82,clear sky
172,Talakan,RU,50.3167,130.3667,49.66,95,17,5.19,few clouds
173,Cimarron Hills,US,38.8586,-104.6989,78.46,26,1,6.91,clear sky
174,Valparaiso,CL,-33.0393,-71.6273,59.92,90,90,3.44,mist
175,Guerrero Negro,MX,27.9769,-114.0611,71.67,76,1,16.46,clear sky
176,Lichuan,CN,30.3,108.85,65.43,97,100,3.09,light rain
177,San Patricio,US,28.017,-97.5169,81.32,65,88,9.17,overcast clouds
178,Saint-Philippe,RE,-21.3585,55.7679,74.79,83,46,9.1,scattered clouds
179,Havoysund,NO,70.9963,24.6622,49.08,65,68,13.85,broken clouds
180,Weston,US,26.1004,-80.3998,89.02,78,20,4.0,few clouds
181,Mayor Pablo Lagerenza,PY,-19.9309,-60.7718,80.4,30,68,9.26,broken clouds
182,Sambava,MG,-14.2667,50.1667,73.26,83,69,9.95,broken clouds
183,Kanungu,UG,-0.9575,29.7897,63.43,96,100,2.35,moderate rain
184,Port Macquarie,AU,-31.4333,152.9167,48.16,87,12,5.77,few clouds
185,Viesca,MX,25.35,-102.8,77.36,51,86,4.63,overcast clouds
186,Krasnoselkup,RU,65.7,82.4667,41.41,84,100,8.77,overcast clouds
187,Camacha,PT,33.0833,-16.3333,76.42,57,20,14.97,few clouds
188,Luderitz,NA,-26.6481,15.1594,71.85,37,0,29.46,clear sky
189,Parnamirim,BR,-5.9156,-35.2628,84.54,78,75,21.85,broken clouds
190,Khatanga,RU,71.9667,102.5,33.51,84,100,5.68,overcast clouds
191,Ulladulla,AU,-35.35,150.4667,49.1,88,5,4.43,clear sky
192,Ballina,AU,-28.8667,153.5667,57.16,82,90,6.91,overcast clouds
193,Acari,PE,-15.4311,-74.6158,69.67,59,57,7.02,broken clouds
194,Port Elizabeth,ZA,-33.918,25.5701,59.29,77,40,18.41,scattered clouds
195,Tshikapa,CD,-6.4167,20.8,89.8,43,75,9.98,broken clouds
196,Gizo,SB,-8.103,156.8419,80.6,77,82,7.27,broken clouds
197,Cafelandia,BR,-21.8025,-49.61,93.72,29,26,10.02,scattered clouds
198,Maryborough,AU,-25.5333,152.7,54.57,88,0,3.78,clear sky
199,Krasnoye,UA,49.9145,24.6134,78.15,63,96,6.67,overcast clouds
200,Gazojak,TM,41.1875,61.4036,86.61,13,0,7.2,clear sky
201,Hambantota,LK,6.1241,81.1185,82.74,83,0,4.61,clear sky
202,Ambilobe,MG,-13.2,49.05,78.67,62,80,3.58,light rain
203,Abu Samrah,SY,35.3029,37.1841,80.26,36,2,15.82,clear sky
204,Katobu,ID,-4.9408,122.5276,74.5,92,100,3.02,overcast clouds
205,Lobito,AO,-12.3481,13.5456,73.6,76,24,7.56,few clouds
206,Woodward,US,36.4337,-99.3904,74.97,71,1,14.97,clear sky
207,Lata,PT,40.1629,-8.3327,82.35,51,12,8.46,few clouds
208,Chuguyevka,RU,44.1653,133.8633,54.21,98,100,3.91,moderate rain
209,Sydney,AU,-33.8679,151.2073,52.23,91,87,1.01,overcast clouds
210,Iqaluit,CA,63.7506,-68.5145,38.93,75,90,8.05,overcast clouds
211,Porbandar,IN,21.6422,69.6093,81.21,90,100,12.37,overcast clouds
212,Jumla,NP,29.2747,82.1838,59.99,94,100,0.89,moderate rain
213,Hovd,MN,48.0056,91.6419,60.66,29,99,3.78,overcast clouds
214,Havre-Saint-Pierre,CA,50.2334,-63.5986,59.0,77,1,16.11,clear sky
215,Arlit,NE,18.7369,7.3853,105.58,8,4,4.59,clear sky
216,Ocampo,MX,21.65,-101.5,62.31,78,69,4.21,broken clouds
217,Obo,CF,5.3998,26.4869,76.26,81,94,2.75,light rain
218,Gemena,CD,3.25,19.7667,72.37,95,100,3.09,overcast clouds
219,Price,US,39.5994,-110.8107,66.42,35,1,5.75,clear sky
220,Caravelas,BR,-17.7125,-39.2481,82.94,55,23,9.22,few clouds
221,Narsaq,GL,60.9167,-46.05,39.42,63,100,4.32,overcast clouds
222,Maldonado,UY,-34.6667,-54.9167,67.39,49,0,8.32,clear sky
223,Kahului,US,20.8947,-156.47,74.46,82,1,3.44,clear sky
224,Eureka,US,40.8021,-124.1637,43.99,89,4,1.03,clear sky
225,Toora-Khem,RU,52.4675,96.11,47.57,68,73,1.03,broken clouds
226,Hofn,IS,64.2539,-15.2082,53.62,94,90,13.8,overcast clouds
227,Anadyr,RU,64.75,177.4833,39.7,93,75,4.47,light intensity shower rain
228,Conakry,GN,9.538,-13.6773,81.16,72,68,7.96,light rain
229,Daru,PG,-9.0763,143.2092,76.14,75,93,17.38,overcast clouds
230,Nanortalik,GL,60.1432,-45.2371,37.78,79,100,4.47,overcast clouds
231,Annau,TM,37.8876,58.516,94.5,13,0,13.8,clear sky
232,Rizhao,CN,35.4275,119.4553,69.37,85,0,4.27,light rain
233,Saskylakh,RU,71.9167,114.0833,35.19,96,100,19.24,light rain
234,Beloha,MG,-25.1667,45.05,75.02,47,0,10.0,clear sky
235,Abu Dhabi,AE,24.4667,54.3667,98.71,56,0,11.5,clear sky
236,Rodrigues Alves,BR,-7.738,-72.6509,79.0,49,61,1.39,broken clouds
237,Orocue,CO,4.7912,-71.3354,79.92,77,95,9.31,overcast clouds
238,Atar,MR,20.5169,-13.0499,103.71,15,5,4.0,clear sky
239,Avera,US,33.194,-82.5271,73.27,95,100,9.13,overcast clouds
240,Andenes,NO,69.3143,16.1194,49.98,66,0,11.5,clear sky
241,Sobolevo,RU,54.4299,31.8996,52.47,57,41,2.48,scattered clouds
242,Maragogi,BR,-9.0122,-35.2225,81.91,66,32,12.17,scattered clouds
243,Veraval,IN,20.9,70.3667,80.26,87,100,13.85,overcast clouds
244,Huejuquilla El Alto,MX,22.6,-103.8667,66.65,73,62,3.96,broken clouds
245,Novikovo,RU,51.1537,37.8879,58.84,36,0,6.17,clear sky
246,Cabo San Lucas,MX,22.8909,-109.9124,83.52,82,71,6.33,broken clouds
247,Sao Felix Do Xingu,BR,-6.6447,-51.995,100.36,27,8,3.51,clear sky
248,Harper,LR,4.375,-7.7169,80.08,80,95,11.83,light rain
249,Srednekolymsk,RU,67.45,153.6833,36.59,72,100,5.75,overcast clouds
250,Dakar,SN,14.6937,-17.4441,93.33,55,0,4.61,clear sky
251,Egvekinot,RU,66.3167,-179.1667,29.07,86,100,2.62,overcast clouds
252,Porto Belo,BR,-27.1578,-48.5531,64.38,90,100,5.3,light rain
253,Aksha,RU,50.2814,113.2867,49.3,71,34,2.82,scattered clouds
254,Stephenville,US,32.2207,-98.2023,78.76,70,1,0.0,clear sky
255,Balele,PH,14.0653,121.0936,79.29,95,100,2.21,light rain
256,Port Hardy,CA,50.6996,-127.4199,46.4,93,40,2.3,scattered clouds
257,San Quintin,MX,30.4833,-115.95,68.23,79,1,10.8,clear sky
258,Tamasane,BW,-22.4184,27.4013,92.53,9,5,7.02,clear sky
259,Hasaki,JP,35.7333,140.8333,68.4,64,100,11.63,overcast clouds
260,Zhaotong,CN,27.3167,103.7167,59.56,98,100,5.75,light rain
261,Sarangani,PH,5.4033,125.4636,81.54,79,98,18.19,overcast clouds
262,Rio Grande,BR,-32.035,-52.0986,64.94,57,0,2.77,clear sky
263,Weligama,LK,5.9667,80.4167,79.92,85,100,8.3,overcast clouds
264,Tecoanapa,MX,16.5167,-98.75,81.97,76,98,3.15,overcast clouds
265,Lorengau,PG,-2.0226,147.2712,78.33,81,99,4.45,overcast clouds
266,Cayenne,GF,4.9333,-52.3333,89.64,73,20,4.0,few clouds
267,Pacific Grove,US,36.6177,-121.9166,56.52,88,90,3.0,overcast clouds
268,Axim,GH,4.8699,-2.2405,81.73,71,37,8.77,scattered clouds
269,Ormara,PK,25.2088,64.6357,82.94,80,1,13.33,clear sky
270,Borovoy,RU,55.4333,86.0833,60.08,72,0,4.47,clear sky
271,Mahebourg,MU,-20.4081,57.7,73.69,83,75,8.05,light rain
272,Lavrentiya,RU,65.5833,-171.0,33.33,79,66,6.67,broken clouds
273,Klaksvik,FO,62.2266,-6.589,54.52,84,30,13.96,scattered clouds
274,Zarnovica,SK,48.4812,18.7157,82.67,48,98,5.53,overcast clouds
275,Chimoio,MZ,-19.1164,33.4833,85.86,35,13,13.8,haze
276,Dawson Creek,CA,55.7666,-120.2362,42.44,65,90,10.36,overcast clouds
277,Nuuk,GL,64.1835,-51.7216,36.21,75,75,10.36,broken clouds
278,Dzerzhinsk,RU,56.2389,43.4631,44.42,65,90,11.18,overcast clouds
279,Dosso,NE,13.049,3.1937,92.26,48,54,6.15,broken clouds
280,Tuatapere,NZ,-46.1333,167.6833,36.82,92,20,3.98,few clouds
281,Sao Joao Da Barra,BR,-21.6403,-41.0511,78.89,71,79,12.26,broken clouds
282,Nyurba,RU,63.2842,118.3319,38.82,74,100,3.62,overcast clouds
283,Hollister,US,36.8525,-121.4016,56.08,86,90,0.0,overcast clouds
284,Bindura,ZW,-17.3019,31.3306,89.26,14,36,7.94,scattered clouds
285,San Carlos De Bariloche,AR,-41.1456,-71.3082,47.95,61,40,11.5,scattered clouds
286,Tagusao,PH,9.1924,117.8141,80.92,77,100,1.41,moderate rain
287,Freeport,US,40.6576,-73.5832,76.98,76,75,3.0,broken clouds
288,Teguise,ES,29.0605,-13.564,80.82,51,20,17.27,few clouds
289,Nachingwea,TZ,-10.3833,38.7667,83.39,46,50,8.88,scattered clouds
290,Saint George,US,37.1041,-113.5841,79.54,24,1,0.0,clear sky
291,Adrar,MR,20.5022,-10.0711,102.87,13,31,5.97,scattered clouds
292,Marquetalia,CO,5.2966,-75.055,73.02,58,24,5.06,few clouds
293,Sfantu Gheorghe,RO,45.8667,25.7833,75.65,44,34,0.98,scattered clouds
294,Ouegoa,NC,-20.35,164.4333,65.03,66,43,7.47,scattered clouds
295,Guarapari,BR,-20.6667,-40.4975,78.69,79,94,7.72,overcast clouds
296,Yichang,CN,30.7144,111.2847,79.23,71,100,2.48,light rain
297,Jackson,US,42.4165,-122.8345,54.64,74,1,0.0,clear sky
298,Boissevain,CA,49.2306,-100.0559,48.7,52,100,7.45,light rain
299,Lasa,IT,46.6166,10.7002,67.08,91,100,2.3,overcast clouds
300,Provideniya,RU,64.3833,-173.3,37.76,74,100,2.17,overcast clouds
301,Camana,PE,-16.6228,-72.7111,63.36,76,88,10.76,overcast clouds
302,Iracoubo,GF,5.4802,-53.2011,84.83,70,4,8.61,clear sky
303,Warrnambool,AU,-38.3833,142.4833,47.8,82,6,13.62,clear sky
304,Mayya,RU,61.7333,130.2811,47.52,98,100,3.6,light rain
305,Salta,AR,-24.7859,-65.4117,66.58,38,0,3.0,clear sky
306,Carauari,BR,-4.8828,-66.8958,94.6,42,7,2.51,clear sky
307,Tokur,RU,53.1333,132.9,44.74,94,100,8.3,light rain
308,Samarai,PG,-10.6167,150.6667,77.34,78,94,19.62,overcast clouds
309,Novocheremshansk,RU,54.3571,50.1666,46.58,64,99,9.89,light rain
310,Luganville,VU,-15.5333,167.1667,75.22,88,70,4.85,broken clouds
311,Feldkirchen An Der Donau,AT,48.3452,14.0513,73.72,64,20,10.36,few clouds
312,Puerto Baquerizo Moreno,EC,-0.9,-89.6,68.95,84,72,14.88,broken clouds
313,Kabelvag,NO,68.2114,14.4817,53.82,58,0,8.05,clear sky
314,Sinnamary,GF,5.3833,-52.95,86.43,65,2,7.76,clear sky
315,Geraldton,AU,-28.7667,114.6,56.12,76,90,5.75,overcast clouds
316,Tuktoyaktuk,CA,69.4541,-133.0374,39.2,100,40,6.91,mist
317,Sept-Iles,CA,50.2001,-66.3821,59.05,79,20,5.01,few clouds
318,Tautira,PF,-17.7333,-149.15,73.42,73,32,19.35,scattered clouds
319,Boa Vista,BR,2.8197,-60.6733,87.78,58,20,8.05,few clouds
320,Bagdarin,RU,54.4333,113.6,35.53,87,19,4.52,few clouds
321,Gorom-Gorom,BF,14.4439,-0.2361,98.98,29,6,8.77,clear sky
322,Manggar,ID,-2.8833,108.2667,80.98,79,41,7.78,scattered clouds
323,Namibe,AO,-15.1961,12.1522,72.23,73,0,12.66,clear sky
324,Najran,SA,17.4924,44.1277,92.05,14,28,12.84,scattered clouds
325,Hastings,GB,50.8552,0.5729,73.89,78,39,11.86,scattered clouds
326,Mandla,IN,22.6,80.3833,73.18,97,100,7.54,overcast clouds
327,San Ciro De Acosta,MX,21.6333,-99.8167,71.67,89,98,2.26,overcast clouds
328,Kofele,ET,7.0667,38.7833,55.26,88,99,1.36,light rain
329,Sokoto,NG,13.0609,5.239,91.96,47,56,5.28,broken clouds
330,Yerbogachen,RU,61.2767,108.0108,39.13,86,97,4.61,overcast clouds
331,Ahuimanu,US,21.4447,-157.8378,78.51,79,40,4.61,light rain
332,Jabinyanah,TN,35.035,10.9081,87.6,53,54,12.91,broken clouds
333,Foam Lake,CA,51.65,-103.5343,46.42,47,0,20.51,clear sky
334,Apaseo El Alto,MX,20.45,-100.6167,63.82,80,43,0.92,scattered clouds
335,Barnstaple,GB,51.0802,-4.0581,70.14,83,78,7.7,broken clouds
336,Lima,PE,-12.0432,-77.0282,57.45,88,90,5.75,overcast clouds
337,Kieta,PG,-6.2167,155.6333,76.87,86,17,4.99,light rain
338,Slave Lake,CA,55.2834,-114.769,44.58,76,90,27.63,overcast clouds
339,Mandalay,MM,21.9747,96.0836,80.46,84,99,3.89,light rain
340,Hudson Bay,CA,52.85,-102.3842,52.95,45,1,16.55,clear sky
341,Bronnoysund,NO,65.4625,12.1997,57.31,67,0,6.91,clear sky
342,San Cristobal,VE,7.7669,-72.225,82.58,47,15,8.1,few clouds
343,Vila Velha,BR,-20.3297,-40.2925,78.75,73,20,13.8,few clouds
344,Kwekwe,ZW,-18.9281,29.8149,90.73,18,29,3.29,scattered clouds
345,Touros,BR,-5.1989,-35.4608,85.1,62,13,18.97,few clouds
346,Ustyuzhna,RU,58.8394,36.4321,43.88,77,100,4.65,overcast clouds
347,Sagaing,MM,21.8787,95.9797,81.41,79,99,5.01,light rain
348,Wielun,PL,51.221,18.5696,68.9,80,99,7.63,moderate rain
349,Kabinda,CD,-6.1333,24.4833,77.54,62,100,1.59,light rain
350,Itapirapua,BR,-15.8233,-50.6133,104.11,11,4,1.43,clear sky
351,Isakly,RU,54.1333,51.5333,45.73,63,100,9.22,overcast clouds
352,Karpinsk,RU,59.7654,60.0085,37.53,98,100,9.93,overcast clouds
353,Duiwelskloof,ZA,-23.6934,30.14,74.5,49,0,5.32,clear sky
354,Miri,MY,4.4148,114.0089,78.94,89,40,2.3,scattered clouds
355,Mehamn,NO,71.0357,27.8492,46.58,68,19,10.71,few clouds
356,Kaitangata,NZ,-46.2817,169.8464,40.23,80,99,3.74,overcast clouds
357,Mangrol,IN,21.1167,70.1167,80.37,87,100,13.94,overcast clouds
358,Kavieng,PG,-2.5744,150.7967,80.6,78,97,9.31,light rain
359,Kushima,JP,31.4583,131.2333,76.87,94,43,4.47,scattered clouds
360,Huarmey,PE,-10.0681,-78.1522,65.66,74,96,8.19,overcast clouds
361,Mariental,NA,-24.6333,17.9667,74.23,11,1,10.33,clear sky
362,Aklavik,CA,68.2191,-135.0107,41.83,100,90,3.44,fog
363,Padre Zamora,PH,10.0667,123.25,78.37,85,100,7.14,overcast clouds
364,Iranshahr,IR,27.2025,60.6848,106.14,7,0,9.22,clear sky
365,Bilma,NE,18.6853,12.9164,103.35,10,48,3.65,scattered clouds
366,Roald,NO,62.5833,6.1333,59.11,88,75,3.44,broken clouds
367,Pangnirtung,CA,66.1451,-65.7125,35.6,75,90,4.61,overcast clouds
368,San Andres,CO,12.5847,-81.7006,86.02,74,20,11.5,few clouds
369,Manokwari,ID,-0.8667,134.0833,79.59,76,90,7.45,overcast clouds
370,Arona,ES,28.0996,-16.681,77.31,58,75,3.0,broken clouds
371,Zhigansk,RU,66.7697,123.3711,42.62,63,100,7.87,overcast clouds
372,Mnogovershinnyy,RU,53.9353,139.9242,52.56,75,100,9.31,overcast clouds
373,Tubuala,PA,9.5167,-79.0333,89.33,75,24,0.54,few clouds
374,Ugoofaaru,MV,5.6667,73.0,83.07,74,14,13.6,few clouds
375,Leshukonskoye,RU,64.8989,45.7622,42.69,86,100,2.77,overcast clouds
376,Nabire,ID,-3.3667,135.4833,74.98,90,100,2.95,overcast clouds
377,Lamont,US,35.2597,-118.9143,83.08,51,0,0.38,clear sky
378,Yumen,CN,40.2833,97.2,71.4,24,68,7.63,broken clouds
379,Krasnogorskoye,RU,52.2953,86.1979,55.09,60,76,1.81,broken clouds
380,Bentiu,SS,9.2333,29.8333,83.86,69,57,3.94,light rain
381,Saskatoon,CA,52.1168,-106.6345,45.16,67,20,5.01,few clouds
382,The Valley,AI,18.217,-63.0578,87.66,70,20,10.36,few clouds
383,Wasco,US,35.5941,-119.341,76.14,59,1,0.0,clear sky
384,Ligayan,PH,4.6533,119.4706,80.74,79,100,9.15,light rain
385,Hobyo,SO,5.3505,48.5268,79.2,81,28,24.58,scattered clouds
386,Elizabeth City,US,36.2946,-76.2511,83.03,84,40,6.91,scattered clouds
387,Ganzhou,CN,28.8184,115.4327,73.11,81,4,3.42,light rain
388,Te Anau,NZ,-45.4167,167.7167,31.95,95,71,3.51,broken clouds
389,Togur,RU,58.3631,82.8265,52.84,93,98,9.4,overcast clouds
390,Ixtapa,MX,20.7,-105.2,78.22,94,90,3.44,overcast clouds
391,Port Moresby,PG,-9.4431,147.1797,76.42,83,40,11.5,scattered clouds
392,Kikwit,CD,-5.041,18.8162,76.05,81,94,4.27,light rain
393,Maple Creek,CA,49.9168,-109.4848,45.01,75,50,4.61,scattered clouds
394,Beaverlodge,CA,55.2166,-119.4361,40.35,78,50,4.72,scattered clouds
395,Novobirilyussy,RU,56.9514,90.6661,46.29,99,100,5.1,overcast clouds
396,Port-Gentil,GA,-0.7193,8.7815,77.85,81,13,13.38,few clouds
397,Coihaique,CL,-45.5752,-72.0662,52.41,76,75,9.22,light rain
398,Beidao,CN,34.5686,105.8933,61.0,89,77,3.58,broken clouds
399,Tocopilla,CL,-22.092,-70.1979,65.52,66,8,9.66,clear sky
400,Malangali,TZ,-8.5667,34.85,79.68,43,35,11.01,scattered clouds
401,Barstow,US,34.8986,-117.0228,74.48,18,0,5.93,clear sky
402,Itarema,BR,-2.9248,-39.9167,89.98,53,10,19.57,clear sky
403,Jinhua,CN,29.1078,119.6547,71.02,95,56,1.1,light rain
404,Hanzhong,CN,33.0728,107.0303,64.51,93,100,1.68,overcast clouds
405,Gardabani,GE,41.4605,45.0928,78.89,46,1,14.45,clear sky
406,Ankazoabo,MG,-22.2833,44.5167,84.4,28,3,11.34,clear sky
407,Ilam,NP,26.9167,87.9167,70.18,94,100,2.26,overcast clouds
408,Mulege,MX,26.8833,-111.9833,87.76,51,6,3.89,clear sky
409,Antalaha,MG,-14.9003,50.2788,71.65,88,84,6.71,light rain
410,Luena,AO,-11.7833,19.9167,93.38,49,40,5.75,scattered clouds
411,Asilah,MA,35.465,-6.0348,78.76,68,1,11.3,clear sky
412,Cabra,ES,37.4725,-4.4421,83.64,46,0,1.99,clear sky
413,Kruisfontein,ZA,-34.0033,24.7314,53.89,63,91,14.47,overcast clouds
414,Kedrovyy,RU,56.1667,91.8167,48.61,99,100,4.18,overcast clouds
415,Almaznyy,RU,48.0448,40.045,69.94,33,50,5.08,scattered clouds
416,Dumai,ID,1.6833,101.45,76.42,90,34,3.78,scattered clouds
417,Jinchang,CN,38.4953,102.1739,67.1,51,100,5.59,overcast clouds
418,Marystown,CA,47.1666,-55.1483,61.02,95,100,22.79,overcast clouds
419,Nyimba,ZM,-14.5566,30.8149,96.53,13,62,6.58,broken clouds
420,Tiznit,MA,29.5833,-9.5,77.38,48,0,12.88,clear sky
421,Saint-Joseph,RE,-21.3667,55.6167,73.76,80,43,6.78,scattered clouds
422,Marsh Harbour,BS,26.5412,-77.0636,84.43,64,3,8.34,clear sky
423,Teguldet,RU,57.3064,88.1667,47.37,99,100,5.3,overcast clouds
424,Bilibino,RU,68.0546,166.4372,19.85,94,93,0.96,overcast clouds
425,Saint-Denis,FR,48.9167,2.3333,72.37,59,75,1.01,broken clouds
426,Namie,JP,37.4833,141.0,64.71,71,100,4.76,overcast clouds
427,Marzuq,YE,14.4,46.4667,89.74,13,100,11.34,overcast clouds
428,Kempele,FI,64.9131,25.5034,46.42,71,90,5.75,overcast clouds
429,Buala,SB,-8.145,159.5921,79.23,83,80,6.71,broken clouds
430,Carmo Do Paranaiba,BR,-19.0008,-46.3161,90.03,16,1,8.7,clear sky
431,Porto Novo,BJ,6.4965,2.6036,84.02,56,80,5.23,light rain
432,Alofi,NU,-19.0595,-169.9187,73.29,88,60,5.75,broken clouds
433,Senftenberg,DE,51.5167,14.0167,68.9,72,98,7.63,overcast clouds
434,Sao Raimundo Das Mangabeiras,BR,-7.0219,-45.4811,99.16,23,0,8.3,clear sky
435,Bam,IR,29.106,58.357,87.84,5,0,6.76,clear sky
436,Mercedes,AR,-34.6515,-59.4307,71.19,46,0,5.86,clear sky
437,Offa,NG,8.15,4.7167,78.94,77,100,6.11,overcast clouds
438,Isangel,VU,-19.55,169.2667,70.75,85,31,7.05,scattered clouds
439,Gimli,CA,50.6336,-96.9907,51.82,82,100,5.75,overcast clouds
440,Tukrah,LY,32.5341,20.5791,80.26,59,0,13.38,clear sky
441,Shelburne,CA,44.0787,-80.2041,68.76,61,17,6.08,few clouds
442,Umm Kaddadah,SD,13.6017,26.6876,99.18,14,77,14.29,broken clouds
443,Naro Moru,KE,-0.1676,37.0213,65.64,63,74,5.75,broken clouds
444,Mocuba,MZ,-16.8392,36.9856,93.83,23,9,8.72,clear sky
445,Sosnovo-Ozerskoye,RU,52.5249,111.5418,41.65,84,16,8.19,few clouds
446,Marawi,PH,7.9986,124.2928,65.64,97,100,2.95,light rain
447,Helong,CN,42.5397,128.9972,58.08,94,100,2.28,overcast clouds
448,Taoudenni,ML,22.6783,-3.9836,110.86,12,43,10.47,scattered clouds
449,Ariquemes,BR,-9.9133,-63.0408,98.58,32,9,3.18,clear sky
450,Arteche,PH,12.2645,125.4048,76.23,90,100,6.08,light rain
451,Tariba,VE,7.8188,-72.2243,82.96,47,14,6.4,few clouds
452,Martapura,ID,-3.4167,114.85,77.09,100,100,4.61,mist
453,Purgstall,AT,48.0584,15.1348,80.83,96,100,5.44,overcast clouds
454,Piacabucu,BR,-10.4056,-36.4344,82.58,61,7,11.34,clear sky
455,Ilulissat,GL,69.2167,-51.1,28.42,46,1,8.05,clear sky
456,Devils Lake,US,48.1128,-98.8651,57.94,64,1,5.99,clear sky
457,Stornoway,GB,58.2093,-6.3865,58.96,82,20,14.97,few clouds
458,Kailua,US,21.4022,-157.7394,78.78,77,75,5.75,light rain
459,Timra,SE,62.487,17.3257,52.68,58,90,9.22,overcast clouds
460,Port Blair,IN,11.6667,92.75,77.74,85,100,7.43,overcast clouds
461,Chuy,UY,-33.6971,-53.4616,64.11,56,0,1.21,clear sky
462,Paamiut,GL,61.994,-49.6678,36.95,76,100,11.45,overcast clouds
463,Saint Anthony,US,45.0205,-93.218,72.93,64,20,5.99,light rain
464,Dwarka,IN,22.2394,68.9678,82.45,88,100,11.16,overcast clouds
465,Bajil,YE,15.0584,43.2851,93.22,53,100,12.46,overcast clouds
466,Channel-Port Aux Basques,CA,47.5702,-59.1367,59.77,85,100,17.4,overcast clouds
467,Manavgat,TR,36.7867,31.4431,86.41,44,76,6.38,broken clouds
468,Magan,ES,39.9683,-3.931,78.75,45,54,3.36,broken clouds
469,San Luis,AR,-33.295,-66.3356,68.63,16,0,14.03,clear sky
470,Praia Da Vitoria,PT,38.7333,-27.0667,77.76,73,40,8.19,scattered clouds
471,Rawson,AR,-43.3002,-65.1023,64.53,30,22,13.87,few clouds
472,Hennef,DE,50.7756,7.2831,70.18,63,40,10.36,scattered clouds
473,Eenhana,NA,-17.4667,16.3333,94.75,9,91,7.9,overcast clouds
474,Asuncion Nochixtlan,MX,17.4667,-97.2333,64.65,78,90,3.18,overcast clouds
475,Yar-Sale,RU,66.8333,70.8333,38.34,90,98,10.69,overcast clouds
476,Aswan,EG,24.0934,32.907,94.8,16,14,18.3,few clouds
477,Fukue,JP,32.6881,128.8419,78.78,88,90,27.18,moderate rain
478,Kamenka,RU,51.3223,42.7678,52.97,49,3,8.43,clear sky
479,Kinshasa,CD,-4.3246,15.3215,86.83,52,98,5.23,light rain
480,Santa Rosa,PH,14.3122,121.1114,80.58,92,100,6.42,light rain
481,Vestmanna,FO,62.1564,-7.1664,52.72,87,75,13.8,broken clouds
482,Ayan,RU,56.45,138.1667,55.54,92,100,12.62,overcast clouds
483,Mindif,CM,10.3976,14.4363,94.5,42,94,5.26,overcast clouds
484,Ilhabela,BR,-23.7781,-45.3581,69.58,90,100,7.02,overcast clouds
485,Buluang,PH,13.3068,123.3425,75.0,95,100,2.01,light rain
486,Saint-Jean-De-Maurienne,FR,45.1667,6.5833,53.24,94,100,5.46,light rain
487,Chapais,CA,49.7834,-74.8492,53.38,63,4,8.14,clear sky
488,Saint-Augustin,CA,51.226,-58.6502,61.32,53,100,15.79,overcast clouds
489,Mayskiy,RU,47.6931,40.1025,71.01,28,19,7.07,few clouds
490,Makakilo City,US,21.3469,-158.0858,77.32,82,1,4.61,clear sky
491,Husavik,IS,66.0449,-17.3389,58.91,60,100,19.66,overcast clouds
492,Perene,PE,-10.9492,-75.2261,84.34,52,12,4.07,few clouds
493,Ewa Beach,US,21.3156,-158.0072,78.75,82,1,4.61,clear sky
494,Sung Noen,TH,14.8992,101.8207,76.41,88,100,3.91,moderate rain
495,Luanda,AO,-8.8368,13.2343,78.8,69,75,12.66,broken clouds
496,Gazli,UZ,40.1333,63.45,86.25,14,0,10.13,clear sky
497,Vienna,AT,48.2085,16.3721,82.06,54,20,1.99,few clouds
498,Eirunepe,BR,-6.6603,-69.8736,92.97,43,37,2.17,scattered clouds
499,Prieska,ZA,-29.6641,22.7474,67.23,12,0,16.31,clear sky
500,Fatehabad,IN,29.5167,75.45,83.48,68,11,12.86,few clouds
501,Varena,LT,54.2167,24.5667,58.48,92,100,8.34,light rain
502,Raudeberg,NO,61.9875,5.1352,57.87,93,100,3.56,light rain
503,Boddam,GB,57.4667,-1.7833,61.18,80,100,6.53,overcast clouds
504,Aljezur,PT,37.3191,-8.8033,75.6,67,7,13.29,clear sky
505,Mastic Beach,US,40.7668,-72.8521,76.19,82,75,8.99,broken clouds
506,West Wendover,US,40.7391,-114.0733,54.61,33,1,0.0,clear sky
507,Hirara,JP,24.8,125.2833,83.39,75,92,9.48,overcast clouds
508,Carutapera,BR,-1.195,-46.02,88.36,57,15,10.42,few clouds
509,Puerto Escondido,MX,15.85,-97.0667,77.83,73,75,0.0,broken clouds
510,Margate,GB,51.3813,1.3862,73.85,77,44,10.27,scattered clouds
511,Olinda,BR,-8.0089,-34.8553,80.33,69,40,14.97,scattered clouds
512,San Pedro,PH,14.35,121.0167,79.83,92,90,1.14,moderate rain
513,Christchurch,NZ,-43.5333,172.6333,40.48,85,20,4.61,few clouds
514,Shushenskoye,RU,53.325,91.9356,62.28,76,100,3.71,overcast clouds
515,Sheregesh,RU,52.9209,87.9869,51.24,75,81,1.77,broken clouds
516,Taitung,TW,22.7583,121.1444,80.2,86,46,2.35,scattered clouds
517,Almenara,BR,-16.1836,-40.6944,87.8,35,5,8.9,clear sky
518,Saldanha,ZA,-33.0117,17.9442,64.45,67,0,26.02,clear sky
519,Vestmannaeyjar,IS,63.4427,-20.2734,52.79,93,90,17.27,light intensity drizzle
520,Garachine,PA,8.0647,-78.3628,80.64,79,96,2.46,overcast clouds
521,Ahipara,NZ,-35.1667,173.1667,57.2,95,72,12.84,broken clouds
522,Sibsagar,IN,26.9833,94.6333,84.22,87,100,1.45,overcast clouds
523,Puerto Rico,AR,-26.796,-55.024,63.46,89,100,1.79,light rain
524,Chaihe,CN,44.7667,129.7,53.67,96,100,4.0,overcast clouds
525,Qaqortoq,GL,60.7167,-46.0333,39.7,75,100,4.38,overcast clouds
526,Xuddur,SO,4.1213,43.8894,87.96,39,100,10.58,overcast clouds
527,Batman,TR,37.8874,41.1322,87.6,22,20,8.05,few clouds
528,Novosheshminsk,RU,55.0651,51.2338,45.82,70,100,11.81,overcast clouds
529,Chateau-Thierry,FR,49.05,3.4,69.37,51,78,4.41,broken clouds
530,Katangli,RU,51.7102,143.2326,54.3,77,100,7.23,overcast clouds
531,Verkhnevilyuysk,RU,63.4453,120.3167,39.36,75,100,4.88,overcast clouds
532,Marathon,US,44.9,-89.7668,65.14,69,20,1.01,few clouds
533,Lakes Entrance,AU,-37.8811,147.981,43.16,88,35,4.34,scattered clouds
534,Chicama,PE,-7.8447,-79.1469,57.74,69,98,6.91,overcast clouds
535,Aykhal,RU,66.0,111.5,35.64,68,69,9.48,broken clouds
536,North Bend,US,43.4065,-124.2243,49.95,93,1,6.91,clear sky
537,Gombong,ID,-7.6072,109.5142,77.34,88,73,4.29,broken clouds
538,Havelock,US,34.8791,-76.9013,82.98,90,75,11.5,broken clouds
539,Qingyuan,CN,23.7,113.0333,78.78,88,99,3.29,light rain
540,Tilichiki,RU,60.4667,166.1,39.18,83,76,2.33,broken clouds
541,Malampaka,TZ,-3.1333,33.5333,83.64,35,94,3.85,overcast clouds
542,Huilong,CN,31.8111,121.655,74.98,85,83,13.69,light rain
543,Cherskiy,RU,68.75,161.3,26.73,85,39,8.93,scattered clouds
544,Moose Factory,CA,51.2585,-80.6094,59.0,67,1,11.5,clear sky
545,Tommot,RU,58.9564,126.2925,37.06,99,100,11.7,light rain
546,Mandalgovi,MN,45.7625,106.2708,59.02,28,0,4.32,clear sky
547,Rafraf,TN,37.1904,10.1837,100.71,71,61,11.54,broken clouds
548,Folkestone,GB,51.0833,1.1833,73.87,79,40,11.03,scattered clouds
549,Broome,US,42.2506,-75.833,66.02,73,90,1.99,overcast clouds
550,Belyy Yar,RU,53.6039,91.3903,62.49,51,0,0.0,clear sky
551,Zhanaozen,KZ,43.3,52.8,84.54,23,0,11.3,clear sky
552,Gueugnon,FR,46.6036,4.0629,76.08,88,57,4.27,broken clouds
553,Bowen,AU,-20.0167,148.2333,57.42,73,0,8.66,clear sky
554,Ust-Omchug,RU,61.15,149.6333,42.96,73,2,3.53,clear sky
555,Sosnovka,RU,56.255,51.2842,43.16,87,100,11.1,overcast clouds
556,Riwaka,NZ,-41.0833,173.0,41.09,74,100,4.34,overcast clouds
557,Amga,RU,60.8953,131.9608,51.76,86,100,5.97,overcast clouds
558,Ostrovnoy,RU,68.0531,39.5131,45.09,91,82,12.21,broken clouds
559,Vao,NC,-22.6667,167.4833,67.86,73,1,17.67,clear sky
560,Padang,ID,-0.9492,100.3543,80.65,88,83,3.94,broken clouds
561,Kerema,PG,-7.9631,145.7785,76.96,89,100,11.36,overcast clouds
562,Turayf,SA,31.6725,38.6637,89.85,29,0,0.0,clear sky
563,Poso,ID,-1.3959,120.7524,74.68,93,100,1.45,overcast clouds
564,Savinka,RU,50.0785,47.0994,55.42,44,36,16.73,scattered clouds
565,Prince Rupert,CA,54.3161,-130.3201,51.49,87,90,5.75,overcast clouds
566,Ambanja,MG,-13.6833,48.45,77.72,75,21,4.54,light rain
567,Fairbanks,US,64.8378,-147.7164,36.61,85,1,3.44,clear sky
568,Larap,PH,14.299,122.6504,77.5,89,100,2.21,moderate rain
569,Killybegs,IE,54.6333,-8.45,64.45,93,100,9.53,overcast clouds
570,Ternate,ID,0.8,127.4,80.1,79,100,3.13,overcast clouds
571,Longyearbyen,SJ,78.2186,15.6401,42.64,75,75,8.05,light rain
572,Suluq,LY,31.6682,20.2521,84.25,38,0,18.3,clear sky
573,Khangarh,PK,29.9173,71.1618,95.07,31,1,10.83,clear sky
574,Naryan-Mar,RU,67.6713,53.087,40.95,76,100,15.66,overcast clouds
575,Meadow Lake,US,34.8014,-106.5436,74.43,29,1,9.22,clear sky
576,Otradnoye,RU,59.7775,30.8181,48.18,61,94,5.1,overcast clouds
577,Mill Valley,US,37.906,-122.545,58.75,89,83,1.01,broken clouds
578,Korla,CN,41.7597,86.1469,77.0,26,95,5.79,overcast clouds
579,Kot Diji,PK,27.3427,68.7083,98.62,29,6,11.12,clear sky
580,Taltal,CL,-25.4,-70.4833,63.72,60,0,6.87,clear sky
581,Mahishadal,IN,22.1833,87.9833,80.56,87,58,5.79,broken clouds
582,Koslan,RU,63.4564,48.8989,41.09,94,100,7.05,overcast clouds
583,Fergus Falls,US,46.283,-96.0776,71.06,77,1,5.99,clear sky
584,Watsa,CD,3.0372,29.5355,71.8,90,90,2.75,light rain
585,Manaus,BR,-3.1019,-60.025,86.5,65,75,5.75,broken clouds
586,Dukat,RU,62.55,155.55,38.34,79,41,4.97,scattered clouds
587,Sabang,ID,5.8933,95.3214,82.47,69,100,1.28,light rain
588,Sorland,NO,67.667,12.6934,53.67,76,0,8.01,clear sky
589,Teresina,BR,-5.0892,-42.8019,91.11,52,75,6.91,broken clouds
590,El Reno,US,35.5323,-97.955,79.48,67,1,0.0,clear sky
591,Haines Junction,CA,60.7522,-137.5108,40.95,70,100,4.61,overcast clouds
592,Matara,LK,5.9485,80.5353,80.01,84,98,8.55,overcast clouds
593,Bonthe,SL,7.5264,-12.505,81.41,73,100,9.51,light rain
594,Dunedin,NZ,-45.8742,170.5036,42.8,75,98,4.32,overcast clouds
595,Kaduna,NG,10.5222,7.4383,86.47,57,36,2.77,light rain
596,Cururupu,BR,-1.8283,-44.8683,84.11,75,46,7.81,scattered clouds
597,Pirovskoye,RU,57.6267,92.2658,45.61,88,100,7.0,overcast clouds
598,Kloulklubed,PW,7.0419,134.2556,79.3,79,100,10.25,moderate rain
599,Zemio,CF,5.0314,25.1361,84.33,66,97,3.62,overcast clouds
600,Eydhafushi,MV,5.1033,73.0708,83.26,72,13,12.75,few clouds
601,Meulaboh,ID,4.1363,96.1285,78.69,79,88,4.36,overcast clouds
602,Verkhoyansk,RU,67.5447,133.385,52.12,63,100,2.51,overcast clouds
603,Mount Isa,AU,-20.7333,139.5,62.37,39,5,0.0,clear sky
604,Milkovo,RU,54.7167,158.6167,40.93,77,1,4.63,clear sky
605,Kavaratti,IN,10.5669,72.642,81.79,79,79,13.49,broken clouds
606,Guanica,PR,17.9716,-66.908,91.26,66,63,7.0,broken clouds
607,Heilbron,ZA,-27.2812,27.9709,72.21,11,51,23.8,broken clouds
608,Nome,US,64.5011,-165.4064,42.87,76,90,6.91,light rain
609,Flinders,AU,-34.5833,150.8552,51.21,82,82,1.99,broken clouds
610,Sinazongwe,ZM,-17.2614,27.4618,88.77,31,56,8.3,broken clouds
611,Laurel,US,39.0993,-76.8483,79.09,81,90,1.99,overcast clouds
612,Narasannapeta,IN,18.4167,84.05,81.68,83,83,5.57,broken clouds
613,Yamandu,SL,7.9362,-11.4928,79.65,85,100,5.48,light rain
614,Iglino,RU,54.8324,56.4126,46.49,63,82,13.33,broken clouds
615,Bunawan,PH,8.1667,126.0833,72.25,98,100,1.3,overcast clouds
616,Victor Harbor,AU,-35.5667,138.6167,72.72,51,52,17.63,broken clouds
617,Ketchikan,US,55.3422,-131.6461,50.47,87,90,3.44,light rain
618,Kawardha,IN,22.0167,81.25,73.45,95,100,5.17,overcast clouds
619,Salalah,OM,17.0151,54.0924,82.49,89,90,12.66,overcast clouds
620,Sopelana,ES,43.3789,-2.9831,71.49,68,75,5.01,broken clouds
621,Walvis Bay,NA,-22.9575,14.5053,67.15,39,0,10.36,clear sky
622,Dali,CN,25.7,100.1833,63.48,93,100,5.79,overcast clouds
623,Kawalu,ID,-7.3817,108.2082,73.13,97,89,1.97,overcast clouds
624,Bandrele,YT,-12.9067,45.1914,76.75,83,90,6.91,overcast clouds
625,Sikonge,TZ,-5.6333,32.7667,91.29,21,67,1.72,broken clouds
626,Doka,SD,13.5167,35.7667,83.28,74,14,3.85,few clouds
627,La Ronge,CA,55.1001,-105.2842,44.85,81,90,8.05,overcast clouds
628,Mbaiki,CF,3.8678,17.9892,82.63,52,100,3.4,overcast clouds
629,Thaba-Tseka,LS,-29.522,28.6084,55.06,16,38,26.15,scattered clouds
630,Auchel,FR,50.5034,2.4735,73.62,59,100,3.04,overcast clouds
631,Chernyshevskiy,RU,63.0128,112.4714,36.91,87,59,2.48,broken clouds
632,Salinopolis,BR,-0.6136,-47.3561,85.53,66,7,10.25,clear sky
633,Ciudad Bolivar,VE,8.1222,-63.5497,89.78,51,2,9.44,clear sky
634,Owings Mills,US,39.4196,-76.7803,78.15,80,98,7.7,overcast clouds
635,Bubaque,GW,11.2833,-15.8333,81.48,69,87,1.59,overcast clouds
636,Ginda,IN,30.6945,78.4932,64.18,92,46,1.92,scattered clouds
637,Gushikawa,JP,26.3544,127.8686,81.63,90,1,8.05,clear sky
638,Gilgit,PK,35.9221,74.3087,83.64,31,1,2.37,clear sky
639,Kadirli,TR,37.3739,36.0961,77.02,54,47,10.69,scattered clouds
640,Hay River,CA,60.8156,-115.7999,44.58,81,75,8.05,broken clouds
641,Lincoln,US,40.8,-96.667,76.12,70,1,5.01,clear sky
642,Mayo,US,38.8876,-76.5119,80.28,89,90,4.0,overcast clouds
643,Shenzhen,CN,22.5455,114.0683,85.21,85,100,0.85,light rain
644,Erzin,TR,36.9559,36.2,81.32,67,0,8.14,clear sky
645,Jingdezhen,CN,29.2947,117.2079,70.9,82,5,4.03,light rain
646,Nador,MA,35.174,-2.9287,82.47,64,20,8.05,few clouds
647,Owando,CG,-0.4819,15.8999,79.2,74,96,2.68,moderate rain
648,Kasama,ZM,-10.2129,31.1808,89.92,16,22,5.39,few clouds
649,Sainte-Maxime,FR,43.3,6.6333,79.72,77,55,11.65,broken clouds
650,Katsuura,JP,35.1333,140.3,69.91,77,84,12.3,broken clouds
651,Zabol,AF,32.25,67.25,76.57,9,0,18.7,clear sky
652,Grand Gaube,MU,-20.0064,57.6608,73.8,82,4,5.01,clear sky
653,Hirado,JP,33.3597,129.5531,77.22,88,49,8.1,light rain
654,Cabedelo,BR,-6.9811,-34.8339,84.87,68,12,17.43,few clouds
655,Ayr,GB,55.4627,-4.6339,67.91,72,75,14.97,light intensity drizzle
656,Las Vigas,MX,19.6333,-97.0833,60.4,72,99,2.33,overcast clouds
657,Flin Flon,CA,54.7682,-101.865,49.84,53,20,16.11,few clouds
658,Orotukan,RU,62.2667,151.7,44.51,71,2,8.9,clear sky
659,Teeli,RU,51.0333,90.2333,53.28,44,95,2.84,overcast clouds
660,Agua Branca,BR,-5.8922,-42.6361,100.08,24,16,6.04,few clouds
661,Maneadero,MX,31.7167,-116.5667,64.09,86,11,1.99,few clouds
662,Scottsbluff,US,41.8666,-103.6672,64.83,47,1,0.0,clear sky
663,Peniche,PT,39.3558,-9.3811,82.35,77,2,16.67,clear sky
664,Erice,IT,38.037,12.5865,82.87,51,0,23.02,clear sky
665,Donaueschingen,DE,47.95,8.5,68.79,76,99,6.71,overcast clouds
666,Horodnytsya,UA,50.807,27.3168,69.53,52,100,7.34,overcast clouds
667,Yurty,RU,56.0498,97.6348,43.38,97,100,4.25,overcast clouds
668,Naze,JP,28.3667,129.4833,78.64,87,99,11.25,overcast clouds
669,Concepcion Del Oro,MX,24.6333,-101.4167,59.5,83,100,1.97,overcast clouds
670,Teloes,PT,41.3105,-8.111,78.57,40,1,6.89,clear sky
671,Cascais,PT,38.6979,-9.4215,82.26,63,20,7.0,few clouds
672,Luzhou,CN,28.8724,105.4405,69.71,92,100,4.03,light rain
673,Macae,BR,-22.3708,-41.7869,76.75,83,75,10.36,broken clouds
674,Jacareacanga,BR,-6.2222,-57.7528,84.51,65,0,4.61,clear sky
675,Muros,ES,42.7762,-9.0603,76.84,57,1,14.09,clear sky
676,Lethem,GY,3.3803,-59.7968,92.37,45,0,7.96,clear sky
677,Pemba,MZ,-12.974,40.5178,81.3,78,40,19.57,scattered clouds
678,Imbituba,BR,-28.24,-48.6703,64.29,72,100,1.79,overcast clouds
679,San Borja,BO,-14.8167,-66.85,88.12,43,98,5.32,overcast clouds
680,Kisangani,CD,0.5167,25.2,77.56,74,100,2.91,overcast clouds
681,Acarau,BR,-2.8856,-40.12,90.18,54,7,19.1,clear sky
682,Sheridan,US,44.8333,-106.9173,68.31,54,1,0.0,clear sky
683,Upata,VE,8.0086,-62.3989,84.2,53,0,6.96,clear sky
684,Chegdomyn,RU,51.1167,133.0167,50.16,97,100,6.98,overcast clouds
685,Lafiagi,NG,8.8667,5.4167,84.67,71,100,6.33,overcast clouds
686,Birao,CF,10.2849,22.7882,89.01,66,68,3.18,broken clouds
